{
  "__version__": "1.0.0",
  "current-scene": "4753fa27-55ac-44df-94a5-a91c50b1cd4d",
  "gizmos-infos": {
    "is2D": false,
    "is3DIcon": false,
    "iconSize": 2,
    "gridVisible": true,
    "gridColor": [
      150,
      150,
      150,
      255
    ],
    "isIconGizmo3D": false,
    "iconGizmoSize": 2,
    "isGridVisible": true
  },
  "camera-infos": {
    "f46876e4-e81b-4931-b493-6d367be385e7": {
      "position": {
        "x": 50,
        "y": 50,
        "z": 50
      },
      "rotation": {
        "x": -0.27984814233312133,
        "y": 0.3647051996310009,
        "z": 0.11591689595929512,
        "w": 0.8804762392171493
      },
      "viewCenter": {
        "x": 0,
        "y": 0,
        "z": 0
      }
    },
    "1cbee229-fdef-44ac-ae41-10f976bb1d77": {
      "position": {
        "x": 426.2220001220703,
        "y": 510.67799377441406,
        "z": 1753.84539
      },
      "rotation": {
        "x": 0,
        "y": 0,
        "z": 0,
        "w": 1
      },
      "viewCenter": {
        "x": 426.2220001220703,
        "y": 510.67799377441406,
        "z": 0
      }
    },
    "a18214d2-f37c-41d3-908b-0a859a46c913": {
      "position": {
        "x": -2.2282023618963524e-15,
        "y": 0,
        "z": -18.19465304974229
      },
      "rotation": {
        "x": 0,
        "y": 1,
        "z": 0,
        "w": -6.123233995736766e-17
      },
      "viewCenter": {
        "x": 0,
        "y": 0,
        "z": 0
      }
    },
    "95a253de-483f-4725-aacb-10f85609785e": {
      "position": {
        "x": 50,
        "y": 50,
        "z": 50
      },
      "rotation": {
        "x": -0.27984814233312133,
        "y": 0.3647051996310009,
        "z": 0.11591689595929512,
        "w": 0.8804762392171493
      },
      "viewCenter": {
        "x": 0,
        "y": 0,
        "z": 0
      }
    },
    "4753fa27-55ac-44df-94a5-a91c50b1cd4d": {
      "position": {
        "x": 480,
        "y": 320,
        "z": 2880
      },
      "rotation": {
        "x": 0,
        "y": 0,
        "z": 0,
        "w": 1
      },
      "viewCenter": {
        "x": 480,
        "y": 320,
        "z": 0
      }
    },
    "d8be8bee-362a-494a-9643-8e52af4c0c15": {
      "position": {
        "x": 0,
        "y": 0,
        "z": 6.184152128447295
      },
      "rotation": {
        "x": 0,
        "y": 0,
        "z": 0,
        "w": 1
      },
      "viewCenter": {
        "x": 0,
        "y": 0,
        "z": 1.0036416142611415e-13
      }
    },
    "bdcb9859-c753-42cc-8d29-7597de4582a5": {
      "position": {
        "x": 0.48887332224358815,
        "y": 20.488873322243585,
        "z": 20.488873322243585
      },
      "rotation": {
        "x": -0.27984814233312133,
        "y": 0.3647051996310009,
        "z": 0.11591689595929512,
        "w": 0.8804762392171493
      },
      "viewCenter": {
        "x": -10,
        "y": 10,
        "z": 10
      }
    },
    "72f2155f-fbdc-4af1-9abb-71b3524790ca": {
      "position": {
        "x": 2.931481934437298,
        "y": 4.931481934437297,
        "z": 4.931481934437297
      },
      "rotation": {
        "x": -0.2798481423331213,
        "y": 0.3647051996310009,
        "z": 0.11591689595929516,
        "w": 0.8804762392171493
      },
      "viewCenter": {
        "x": -2,
        "y": 0,
        "z": 0
      }
    }
  },
  "camera-uuids": [
    "72f2155f-fbdc-4af1-9abb-71b3524790ca"
  ],
  "float-window": {
    "position": {
      "cc": {
        "Camera": {
          "dock": false,
          "top": null,
          "bottom": 10,
          "left": null,
          "right": 10
        }
      }
    }
  },
  "camera": {
    "fov": 45,
    "far": 10000,
    "near": 0.01,
    "color": [
      48,
      48,
      48,
      255
    ],
    "wheelSpeed": 0.01,
    "wanderSpeed": 10,
    "enableAcceleration": true,
    "far2D": 10000,
    "near2D": 1,
    "wheelSpeed2D": 6,
    "size": "__default_design__"
  },
  "builder": {},
  "": {
    "sculpt_brush_rotate": 0
  }
}
