{
  "__version__": "1.0.0",
  "current-scene": "4753fa27-55ac-44df-94a5-a91c50b1cd4d",
  "gizmos-infos": {
    "is2D": false,
    "is3DIcon": false,
    "iconSize": 2,
    "gridVisible": true,
    "gridColor": [
      150,
      150,
      150,
      255
    ],
    "isIconGizmo3D": false,
    "iconGizmoSize": 2,
    "isGridVisible": true
  },
  "camera-infos": {
    "f46876e4-e81b-4931-b493-6d367be385e7": {
      "position": {
        "x": 50,
        "y": 50,
        "z": 50
      },
      "rotation": {
        "x": -0.27984814233312133,
        "y": 0.3647051996310009,
        "z": 0.11591689595929514,
        "w": 0.8804762392171493
      },
      "viewCenter": {
        "x": 0,
        "y": 0,
        "z": 0
      }
    },
    "1cbee229-fdef-44ac-ae41-10f976bb1d77": {
      "position": {
        "x": 426.2220001220703,
        "y": 510.67799377441406,
        "z": 1753.84539
      },
      "rotation": {
        "x": 0,
        "y": 0,
        "z": 0,
        "w": 1
      },
      "viewCenter": {
        "x": 426.2220001220703,
        "y": 510.67799377441406,
        "z": 0
      }
    },
    "a18214d2-f37c-41d3-908b-0a859a46c913": {
      "position": {
        "x": 50,
        "y": 50,
        "z": 50
      },
      "rotation": {
        "x": -0.27984814233312133,
        "y": 0.3647051996310009,
        "z": 0.11591689595929514,
        "w": 0.8804762392171493
      },
      "viewCenter": {
        "x": 0,
        "y": 0,
        "z": 0
      }
    },
    "95a253de-483f-4725-aacb-10f85609785e": {
      "position": {
        "x": 50,
        "y": 50,
        "z": 50
      },
      "rotation": {
        "x": -0.27984814233312133,
        "y": 0.3647051996310009,
        "z": 0.11591689595929514,
        "w": 0.8804762392171493
      },
      "viewCenter": {
        "x": 0,
        "y": 0,
        "z": 0
      }
    },
    "4753fa27-55ac-44df-94a5-a91c50b1cd4d": {
      "position": {
        "x": 480,
        "y": 320,
        "z": 2880
      },
      "rotation": {
        "x": 0,
        "y": 0,
        "z": 0,
        "w": 1
      },
      "viewCenter": {
        "x": 480,
        "y": 320,
        "z": 0
      }
    },
    "d8be8bee-362a-494a-9643-8e52af4c0c15": {
      "position": {
        "x": 479.99999999999994,
        "y": 320,
        "z": 5000
      },
      "rotation": {
        "x": 0,
        "y": 0,
        "z": 0,
        "w": 1
      },
      "viewCenter": {
        "x": 48.6230172443645,
        "y": 65.13537880075579,
        "z": 42.93310215323514
      }
    },
    "95012268-9fb5-4ffe-811b-07370ab311c2": {
      "position": {
        "x": -2.9587814623003537,
        "y": 0.6454307533050581,
        "z": -0.3462555525125589
      },
      "rotation": {
        "x": 0.03935192533506631,
        "y": -0.7457618150083252,
        "z": 0.04422568911780042,
        "w": 0.6635772974341101
      },
      "viewCenter": {
        "x": 0,
        "y": 1,
        "z": 0
      }
    },
    "9cd929f4-07e5-466d-b5bf-a1036c927a6a": {
      "position": {
        "x": -89.36732764048556,
        "y": -445.05713868186854,
        "z": 227.76832184331033
      },
      "rotation": {
        "x": 0.5145980187696134,
        "y": -0.26482369153742336,
        "z": 0.17090221950366524,
        "w": 0.7974018576205666
      },
      "viewCenter": {
        "x": 48.6230172443645,
        "y": 65.13537880075579,
        "z": 42.93310215323514
      }
    }
  },
  "camera-uuids": [
    "95012268-9fb5-4ffe-811b-07370ab311c2"
  ],
  "float-window": {
    "position": {
      "cc": {
        "Camera": {
          "dock": false,
          "top": null,
          "bottom": 10,
          "left": null,
          "right": 10
        }
      }
    }
  },
  "camera": {
    "fov": 45,
    "far": 10000,
    "near": 0.01,
    "color": [
      48,
      48,
      48,
      255
    ],
    "wheelSpeed": 0.01,
    "wanderSpeed": 10,
    "enableAcceleration": true,
    "far2D": 10000,
    "near2D": 1,
    "wheelSpeed2D": 6
  }
}
